-- phpMyAdmin SQL Dump
-- version 4.9.0.1
-- https://www.phpmyadmin.net/
--
-- Хост: 127.0.0.1
-- Время создания: Окт 17 2020 г., 09:05
-- Версия сервера: 10.3.16-MariaDB
-- Версия PHP: 7.3.6

SET SQL_MODE = "NO_AUTO_VALUE_ON_ZERO";
SET AUTOCOMMIT = 0;
START TRANSACTION;
SET time_zone = "+00:00";


/*!40101 SET @OLD_CHARACTER_SET_CLIENT=@@CHARACTER_SET_CLIENT */;
/*!40101 SET @OLD_CHARACTER_SET_RESULTS=@@CHARACTER_SET_RESULTS */;
/*!40101 SET @OLD_COLLATION_CONNECTION=@@COLLATION_CONNECTION */;
/*!40101 SET NAMES utf8mb4 */;

--
-- База данных: `dan_py`
--

-- --------------------------------------------------------

--
-- Структура таблицы `component`
--

CREATE TABLE `component` (
  `id` int(10) UNSIGNED NOT NULL,
  `component` varchar(255) NOT NULL,
  `url` varchar(50) NOT NULL,
  `name` varchar(255) NOT NULL,
  `settings` text NOT NULL,
  `ordering` int(11) NOT NULL
) ENGINE=InnoDB DEFAULT CHARSET=utf8mb4;

--
-- Дамп данных таблицы `component`
--

INSERT INTO `component` (`id`, `component`, `url`, `name`, `settings`, `ordering`) VALUES
(1, 'catalog', 'zzzzz', 'shop', '{\"output_number\":\"100\", \"section_card\":1, \"city\":\"Samara\"}', 1),
(2, 'catalog', 'Интернет магазин 2', 'shop-2', '', 2),
(3, 'catalog', 'Фотогалерея', 'photo', '', 3),
(12, 'catalog', '11111', '111', 'qweqweqw', 4),
(17, 'catalog', '222', '22222', '', 5),
(18, 'catalog', '333', '33333', '', 6);

-- --------------------------------------------------------

--
-- Структура таблицы `com_bot_keyword`
--

CREATE TABLE `com_bot_keyword` (
  `id` int(10) UNSIGNED NOT NULL,
  `keyword` varchar(255) NOT NULL
) ENGINE=InnoDB DEFAULT CHARSET=utf8mb4;

-- --------------------------------------------------------

--
-- Структура таблицы `com_catalog_char_name`
--

CREATE TABLE `com_catalog_char_name` (
  `id` int(11) NOT NULL,
  `catalog_id` int(11) NOT NULL,
  `name` varchar(100) NOT NULL,
  `unit` varchar(10) NOT NULL,
  `type` varchar(50) NOT NULL,
  `settings` text NOT NULL,
  `ordering` int(11) NOT NULL
) ENGINE=InnoDB DEFAULT CHARSET=utf8mb4;

--
-- Дамп данных таблицы `com_catalog_char_name`
--

INSERT INTO `com_catalog_char_name` (`id`, `catalog_id`, `name`, `unit`, `type`, `settings`, `ordering`) VALUES
(1, 1, 'Длина', 'м', 'number', '', 1),
(2, 1, 'Напряжение питания', 'В', 'string', '', 3),
(3, 1, 'Вес', 'кг', 'number', '', 4),
(6, 1, 'Красный', 'hex', 'color', '', 5);

-- --------------------------------------------------------

--
-- Структура таблицы `com_catalog_char_value`
--

CREATE TABLE `com_catalog_char_value` (
  `id` int(10) UNSIGNED NOT NULL,
  `item_id` int(11) NOT NULL,
  `name_id` int(11) NOT NULL,
  `value` varchar(255) NOT NULL,
  `ordering` int(11) NOT NULL
) ENGINE=InnoDB DEFAULT CHARSET=utf8mb4;

--
-- Дамп данных таблицы `com_catalog_char_value`
--

INSERT INTO `com_catalog_char_value` (`id`, `item_id`, `name_id`, `value`, `ordering`) VALUES
(1, 4, 1, '11', 1),
(3, 4, 2, '33', 3),
(4, 4, 1, '22', 2),
(5, 5, 1, '11111', 1),
(7, 5, 1, '22222', 2),
(8, 5, 2, '33333', 3);

-- --------------------------------------------------------

--
-- Структура таблицы `com_catalog_filter`
--

CREATE TABLE `com_catalog_filter` (
  `id` int(10) UNSIGNED NOT NULL,
  `section_id` int(11) NOT NULL,
  `char_id` int(11) NOT NULL,
  `value_1` varchar(255) NOT NULL,
  `value_2` varchar(255) NOT NULL,
  `settings` text NOT NULL,
  `ordering` int(11) NOT NULL
) ENGINE=InnoDB DEFAULT CHARSET=utf8mb4;

--
-- Дамп данных таблицы `com_catalog_filter`
--

INSERT INTO `com_catalog_filter` (`id`, `section_id`, `char_id`, `value_1`, `value_2`, `settings`, `ordering`) VALUES
(4, 1, 2, '33333', '', '', 3),
(5, 1, 1, '111', '1111', '', 1),
(8, 1, 3, '222', '222', '', 2);

-- --------------------------------------------------------

--
-- Структура таблицы `com_catalog_items`
--

CREATE TABLE `com_catalog_items` (
  `id` int(10) UNSIGNED NOT NULL,
  `section_id` int(11) NOT NULL,
  `name` varchar(255) NOT NULL,
  `image` varchar(255) NOT NULL,
  `text` longtext NOT NULL,
  `data` longtext NOT NULL,
  `date` datetime NOT NULL,
  `status` int(11) NOT NULL,
  `ordering` int(11) NOT NULL
) ENGINE=InnoDB DEFAULT CHARSET=utf8mb4;

--
-- Дамп данных таблицы `com_catalog_items`
--

INSERT INTO `com_catalog_items` (`id`, `section_id`, `name`, `image`, `text`, `data`, `date`, `status`, `ordering`) VALUES
(1, 5, 'Элемент 1', '', '<p>Описание элемента. <span style=\"color:#ff0000\"><span style=\"font-size:20px\"><strong>Тест 1</strong></span></span></p>\r\n\r\n<p><em>111</em></p>\r\n', 'Данные элемента', '2020-06-27 00:09:45', 1, 1),
(2, 5, 'Элемент 2', '', 'Описание элемента', 'Данные элемента 2', '2020-06-25 18:35:40', 1, 2),
(3, 5, 'Элемент 3', '', 'Описание 3', 'Данные 3', '2020-06-25 21:59:00', 1, 3),
(4, 1, 'Элемент 1', '1.jpg;2.jpg;3.jpg', '<p>Sed ut perspiciatis, unde omnis iste natus error sit voluptatem accusantium doloremque laudantium, totam rem aperiam eaque ipsa, quae ab illo inventore veritatis et quasi architecto beatae vitae dicta sunt, explicabo.\r\n', '', '2020-10-04 16:52:33', 1, 1),
(5, 1, 'Элемент 2', '2.jpg', '<p>Текст 2</p>\r\n', 'Данные 2', '2020-10-04 16:50:30', 1, 2),
(6, 1, 'Элемент 3', '3.jpg', '', '', '2020-08-08 09:13:24', 1, 3),
(11, 1, 'Элемент 4', '', '', '', '2020-10-04 16:25:34', 1, 4);

-- --------------------------------------------------------

--
-- Структура таблицы `com_catalog_sections`
--

CREATE TABLE `com_catalog_sections` (
  `id` int(10) UNSIGNED NOT NULL,
  `catalog_id` int(10) UNSIGNED NOT NULL,
  `parent_id` int(11) NOT NULL,
  `name` varchar(255) NOT NULL,
  `image` varchar(50) NOT NULL,
  `text` longtext NOT NULL,
  `data` longtext NOT NULL,
  `date` datetime NOT NULL,
  `status` int(3) NOT NULL,
  `ordering` int(11) NOT NULL
) ENGINE=InnoDB DEFAULT CHARSET=utf8mb4;

--
-- Дамп данных таблицы `com_catalog_sections`
--

INSERT INTO `com_catalog_sections` (`id`, `catalog_id`, `parent_id`, `name`, `image`, `text`, `data`, `date`, `status`, `ordering`) VALUES
(1, 1, 0, 'Раздел 1', '', '<p>Описание элемента</p>\r\n', 'Данные элемента', '2020-09-30 00:32:18', 1, 1),
(2, 1, 1, 'Раздел 1.1', '', '111', '222', '2020-06-07 18:39:04', 1, 1),
(3, 1, 0, 'Раздел 2', '', '', '', '2020-06-09 15:51:36', 1, 7),
(4, 1, 2, 'Раздел 1.1.1', '', '', '', '2020-06-07 00:00:00', 0, 2),
(5, 1, 2, 'Раздел 111', '', '<p>Текст 111</p>\r\n', 'Данные', '2020-06-27 00:09:24', 1, 1),
(6, 1, 0, 'Раздел 222', '', '', '', '2020-06-07 16:06:16', 1, 8),
(7, 1, 6, 'Раздел 222.1', '', '<p>111</p>\r\n', '222', '2020-08-16 22:35:48', 1, 1);

-- --------------------------------------------------------

--
-- Структура таблицы `com_metallurgy_data`
--

CREATE TABLE `com_metallurgy_data` (
  `id` int(10) UNSIGNED NOT NULL,
  `p_1` decimal(7,0) NOT NULL,
  `p_2` decimal(7,0) NOT NULL,
  `p_3` decimal(7,0) NOT NULL,
  `p_4` decimal(7,2) NOT NULL,
  `p_5` decimal(7,2) NOT NULL,
  `p_6` decimal(7,2) NOT NULL,
  `p_7` decimal(7,2) NOT NULL,
  `melt` decimal(10,0) NOT NULL,
  `k` decimal(7,4) NOT NULL,
  `wear` decimal(7,2) NOT NULL
) ENGINE=InnoDB DEFAULT CHARSET=utf8mb4;

--
-- Дамп данных таблицы `com_metallurgy_data`
--

INSERT INTO `com_metallurgy_data` (`id`, `p_1`, `p_2`, `p_3`, `p_4`, `p_5`, `p_6`, `p_7`, `melt`, `k`, `wear`) VALUES
(1, '1574', '33', '47', '2.10', '0.80', '4406.20', '0.80', '246', '0.8098', '49.80'),
(2, '1575', '30', '57', '2.20', '1.00', '12105.90', '1.10', '216', '1.1296', '61.00'),
(3, '1583', '34', '58', '2.40', '1.00', '3438.90', '1.10', '125', '0.8784', '27.45'),
(4, '1562', '33', '81', '2.20', '0.90', '4877.70', '1.00', '206', '0.8958', '46.14'),
(5, '1585', '34', '75', '2.30', '0.90', '7487.30', '0.90', '296', '0.9862', '72.98'),
(6, '1585', '32', '90', '2.20', '0.80', '9166.70', '0.90', '159', '1.0180', '40.46'),
(7, '1563', '30', '73', '2.00', '0.90', '13294.50', '0.90', '127', '1.1239', '35.68'),
(8, '1565', '30', '49', '2.10', '1.00', '12014.40', '0.80', '189', '1.0688', '50.50'),
(9, '1569', '31', '46', '2.20', '0.90', '7704.80', '1.10', '132', '0.9706', '32.03'),
(10, '1581', '35', '74', '2.40', '0.80', '10770.70', '0.80', '161', '1.0673', '42.96'),
(11, '1568', '32', '84', '2.30', '0.80', '10089.00', '1.20', '291', '1.0898', '79.28'),
(12, '1571', '31', '90', '2.00', '0.90', '11586.00', '1.10', '165', '1.1138', '45.94'),
(13, '1589', '34', '53', '2.20', '0.80', '12275.10', '1.00', '177', '1.1034', '48.83'),
(14, '1567', '33', '81', '2.20', '1.00', '6664.20', '1.10', '223', '0.9705', '54.10'),
(15, '1566', '35', '88', '2.10', '0.80', '14355.10', '1.10', '304', '1.2029', '91.42'),
(16, '1582', '34', '66', '2.30', '0.90', '10235.90', '0.80', '177', '1.0406', '46.05'),
(17, '1567', '32', '63', '2.40', '0.90', '5266.40', '1.20', '121', '0.9353', '28.29'),
(18, '1576', '30', '85', '2.40', '0.90', '4526.70', '0.90', '219', '0.8761', '47.97'),
(19, '1566', '34', '83', '2.20', '0.80', '8038.90', '1.00', '187', '0.9909', '46.33'),
(20, '1577', '31', '79', '2.30', '1.00', '9226.90', '0.80', '170', '1.0223', '43.45'),
(21, '1574', '34', '53', '2.30', '0.80', '3546.70', '1.00', '169', '0.8423', '35.59'),
(22, '1588', '32', '51', '2.10', '0.80', '2530.10', '1.00', '214', '0.7840', '41.95'),
(23, '1580', '33', '53', '2.30', '0.90', '3980.90', '1.00', '270', '0.8616', '58.16'),
(24, '1576', '35', '66', '2.30', '0.90', '3487.00', '0.80', '317', '0.8285', '65.66'),
(25, '1583', '34', '66', '2.40', '0.80', '10348.80', '0.80', '166', '1.0473', '43.46'),
(26, '1568', '32', '87', '2.40', '0.90', '13710.80', '1.20', '276', '1.2198', '84.17'),
(27, '1570', '31', '77', '2.10', '0.90', '4473.90', '0.90', '143', '0.8555', '30.59'),
(28, '1568', '31', '72', '2.20', '0.90', '8694.60', '1.10', '89', '1.0240', '22.78'),
(29, '1568', '31', '78', '2.20', '0.90', '3286.50', '0.90', '80', '0.8204', '16.41'),
(30, '1565', '33', '52', '2.20', '0.90', '11939.00', '0.90', '242', '1.0865', '65.73'),
(31, '1570', '34', '48', '2.20', '0.90', '8104.60', '1.10', '221', '1.0021', '55.37'),
(32, '1569', '33', '48', '2.30', '0.90', '3511.90', '1.20', '206', '0.8647', '44.53'),
(33, '1570', '31', '61', '2.30', '0.80', '9694.50', '1.10', '111', '1.0433', '28.95'),
(34, '1589', '32', '49', '2.30', '0.80', '4446.60', '1.00', '98', '0.8631', '21.14'),
(35, '1589', '33', '53', '2.20', '0.90', '13578.80', '0.90', '153', '1.1494', '43.97'),
(36, '1581', '31', '52', '2.00', '0.80', '5015.20', '0.90', '174', '0.8377', '36.44'),
(37, '1582', '35', '87', '2.30', '0.90', '13355.80', '0.90', '268', '1.1762', '78.81'),
(38, '1561', '32', '59', '2.00', '0.90', '12481.40', '1.00', '109', '1.1063', '30.15'),
(39, '1589', '33', '80', '2.10', '1.00', '3867.70', '1.10', '261', '0.8780', '57.29'),
(40, '1581', '35', '88', '2.20', '1.00', '5523.70', '1.00', '304', '0.9276', '70.50'),
(41, '1574', '31', '70', '2.10', '0.90', '5246.20', '1.20', '265', '0.9112', '60.36'),
(42, '1588', '33', '86', '2.30', '0.90', '6446.90', '0.80', '256', '0.9393', '60.12'),
(43, '1577', '34', '62', '2.30', '0.90', '2537.30', '1.10', '260', '0.8267', '53.73'),
(44, '1584', '35', '54', '2.30', '0.90', '8558.60', '1.10', '215', '1.0278', '55.24'),
(45, '1569', '32', '80', '2.20', '0.90', '9164.10', '1.20', '98', '1.0568', '25.89'),
(46, '1588', '31', '87', '2.20', '0.80', '6783.00', '1.20', '156', '0.9803', '38.23'),
(47, '1584', '32', '55', '2.10', '0.90', '8308.30', '1.10', '221', '0.9915', '54.78'),
(48, '1580', '31', '46', '2.10', '0.90', '11484.90', '1.10', '128', '1.0830', '34.66'),
(49, '1565', '33', '60', '2.40', '1.00', '9766.20', '0.90', '277', '1.0517', '72.83'),
(50, '1560', '31', '82', '2.30', '0.80', '10594.50', '0.80', '237', '1.0562', '62.58'),
(51, '1564', '31', '81', '2.10', '0.80', '6462.40', '1.00', '108', '0.9230', '24.92'),
(52, '1568', '32', '49', '2.20', '0.90', '12212.40', '1.10', '140', '1.1119', '38.92'),
(53, '1576', '34', '50', '2.20', '0.90', '12650.40', '0.80', '103', '1.0958', '28.22'),
(54, '1574', '31', '49', '2.20', '0.90', '10512.70', '0.90', '295', '1.0272', '75.76'),
(55, '1587', '35', '69', '2.30', '1.00', '12727.60', '1.00', '134', '1.1725', '39.28'),
(56, '1570', '32', '55', '2.30', '1.00', '9242.70', '1.00', '243', '1.0244', '62.23'),
(57, '1570', '32', '74', '2.30', '0.90', '6231.70', '0.90', '89', '0.9313', '20.72'),
(58, '1562', '32', '53', '2.40', '0.80', '5695.60', '0.90', '259', '0.8878', '57.48'),
(59, '1581', '31', '76', '2.20', '0.80', '8169.30', '1.00', '266', '0.9826', '65.34'),
(60, '1569', '30', '73', '2.10', '0.90', '11703.80', '1.00', '106', '1.0950', '29.02'),
(61, '1586', '32', '78', '2.20', '0.90', '3643.50', '0.80', '200', '0.8263', '41.32'),
(62, '1586', '32', '78', '2.00', '0.80', '8135.80', '1.00', '149', '0.9823', '36.59'),
(63, '1578', '30', '88', '2.20', '0.90', '6021.00', '1.10', '263', '0.9401', '61.81'),
(64, '1575', '30', '79', '2.30', '0.90', '9813.10', '0.90', '183', '1.0359', '47.39'),
(65, '1585', '31', '69', '2.10', '0.90', '6362.60', '0.90', '218', '0.9077', '49.47'),
(66, '1560', '34', '86', '2.40', '0.90', '3977.20', '1.00', '252', '0.8877', '55.92'),
(67, '1575', '32', '55', '2.30', '0.90', '3677.00', '1.20', '253', '0.8710', '55.09'),
(68, '1589', '30', '72', '2.10', '0.80', '11053.30', '0.90', '171', '1.0525', '45.00'),
(69, '1583', '30', '52', '2.20', '0.90', '6131.00', '0.90', '287', '0.8969', '64.36'),
(70, '1589', '34', '85', '2.00', '0.90', '6594.50', '1.20', '295', '0.9663', '71.27'),
(71, '1569', '31', '62', '2.00', '0.90', '9093.10', '1.10', '209', '1.0099', '52.77'),
(72, '1567', '32', '57', '2.20', '0.80', '6114.60', '0.90', '140', '0.8935', '31.27'),
(73, '1564', '34', '49', '2.30', '0.80', '6214.40', '0.90', '266', '0.9099', '60.51'),
(74, '1566', '34', '56', '2.40', '0.90', '11603.70', '0.90', '207', '1.0948', '56.65'),
(75, '1580', '31', '45', '2.30', '0.80', '12329.20', '1.20', '181', '1.1289', '51.08'),
(76, '1572', '35', '46', '2.20', '0.80', '11746.00', '1.10', '112', '1.1068', '30.99'),
(77, '1560', '30', '85', '2.40', '0.90', '11742.70', '1.10', '83', '1.1430', '23.72'),
(78, '1580', '35', '78', '2.20', '0.90', '4118.30', '1.10', '95', '0.8964', '21.29'),
(79, '1582', '30', '62', '2.00', '0.80', '3843.30', '1.00', '273', '0.8212', '56.05'),
(80, '1590', '34', '69', '2.20', '0.80', '2667.80', '1.10', '260', '0.8320', '54.08'),
(81, '1564', '31', '51', '2.20', '0.80', '8306.50', '1.00', '156', '0.9655', '37.65'),
(82, '1571', '34', '47', '2.20', '0.90', '4765.10', '1.00', '111', '0.8616', '23.91'),
(83, '1587', '32', '67', '2.10', '0.90', '9557.20', '1.00', '258', '1.0220', '65.92'),
(84, '1578', '32', '77', '2.10', '0.80', '4331.60', '0.90', '313', '0.8521', '66.68'),
(85, '1583', '32', '52', '2.40', '0.80', '13931.80', '1.20', '319', '1.1973', '95.49'),
(86, '1573', '32', '69', '2.30', '0.80', '6985.30', '0.90', '147', '0.9363', '34.41'),
(87, '1569', '31', '81', '2.10', '0.90', '4663.60', '0.80', '295', '0.8484', '62.57'),
(88, '1583', '31', '78', '2.30', '0.90', '4605.50', '1.00', '267', '0.8855', '59.11'),
(89, '1586', '32', '61', '2.00', '0.90', '7527.50', '1.00', '121', '0.9537', '28.85'),
(90, '1579', '35', '83', '2.10', '0.80', '12726.30', '0.80', '83', '1.1182', '23.20'),
(91, '1563', '34', '61', '2.10', '0.90', '4142.40', '1.10', '262', '0.8748', '57.30'),
(92, '1572', '35', '83', '2.00', '0.90', '11647.50', '1.10', '248', '1.1262', '69.83'),
(93, '1562', '32', '62', '2.30', '0.80', '3896.50', '1.10', '121', '0.8627', '26.10'),
(94, '1574', '32', '71', '2.20', '0.90', '3714.20', '0.90', '94', '0.8322', '19.56'),
(95, '1580', '35', '46', '2.00', '0.90', '11076.60', '1.00', '218', '1.0645', '58.01'),
(96, '1583', '33', '73', '2.40', '0.90', '10421.80', '0.90', '262', '1.0721', '70.22'),
(97, '1566', '33', '78', '2.10', '0.90', '2607.40', '1.10', '92', '0.8188', '18.83'),
(98, '1565', '34', '73', '2.10', '1.00', '9788.20', '0.80', '168', '1.0253', '43.06'),
(99, '1577', '30', '58', '2.10', '1.00', '8115.00', '0.80', '206', '0.9507', '48.96'),
(100, '1587', '34', '74', '2.30', '0.90', '6758.10', '0.90', '125', '0.9546', '29.83');

-- --------------------------------------------------------

--
-- Структура таблицы `com_metallurgy_statistic`
--

CREATE TABLE `com_metallurgy_statistic` (
  `id` int(10) UNSIGNED NOT NULL,
  `item_id` int(11) NOT NULL,
  `total` int(11) NOT NULL
) ENGINE=InnoDB DEFAULT CHARSET=utf8mb4;

-- --------------------------------------------------------

--
-- Структура таблицы `pages`
--

CREATE TABLE `pages` (
  `id` int(10) UNSIGNED NOT NULL,
  `name` varchar(255) NOT NULL,
  `title` varchar(255) NOT NULL,
  `description` varchar(255) NOT NULL,
  `template` int(11) NOT NULL,
  `ordering` int(11) NOT NULL,
  `status` int(11) NOT NULL
) ENGINE=InnoDB DEFAULT CHARSET=utf8mb4;

--
-- Дамп данных таблицы `pages`
--

INSERT INTO `pages` (`id`, `name`, `title`, `description`, `template`, `ordering`, `status`) VALUES
(1, 'Каталог', 'Тайтл каталога', 'Описание каталога', 1, 1, 1);

--
-- Индексы сохранённых таблиц
--

--
-- Индексы таблицы `component`
--
ALTER TABLE `component`
  ADD PRIMARY KEY (`id`),
  ADD KEY `url` (`url`);

--
-- Индексы таблицы `com_bot_keyword`
--
ALTER TABLE `com_bot_keyword`
  ADD PRIMARY KEY (`id`);

--
-- Индексы таблицы `com_catalog_char_name`
--
ALTER TABLE `com_catalog_char_name`
  ADD PRIMARY KEY (`id`);

--
-- Индексы таблицы `com_catalog_char_value`
--
ALTER TABLE `com_catalog_char_value`
  ADD PRIMARY KEY (`id`),
  ADD KEY `item_id` (`item_id`),
  ADD KEY `name_id` (`name_id`);

--
-- Индексы таблицы `com_catalog_filter`
--
ALTER TABLE `com_catalog_filter`
  ADD PRIMARY KEY (`id`),
  ADD KEY `char_id` (`char_id`),
  ADD KEY `section_id` (`section_id`);

--
-- Индексы таблицы `com_catalog_items`
--
ALTER TABLE `com_catalog_items`
  ADD PRIMARY KEY (`id`),
  ADD KEY `section_id` (`section_id`);

--
-- Индексы таблицы `com_catalog_sections`
--
ALTER TABLE `com_catalog_sections`
  ADD PRIMARY KEY (`id`),
  ADD KEY `catalog_id` (`catalog_id`);

--
-- Индексы таблицы `com_metallurgy_data`
--
ALTER TABLE `com_metallurgy_data`
  ADD PRIMARY KEY (`id`);

--
-- Индексы таблицы `com_metallurgy_statistic`
--
ALTER TABLE `com_metallurgy_statistic`
  ADD PRIMARY KEY (`id`);

--
-- Индексы таблицы `pages`
--
ALTER TABLE `pages`
  ADD PRIMARY KEY (`id`);

--
-- AUTO_INCREMENT для сохранённых таблиц
--

--
-- AUTO_INCREMENT для таблицы `component`
--
ALTER TABLE `component`
  MODIFY `id` int(10) UNSIGNED NOT NULL AUTO_INCREMENT, AUTO_INCREMENT=25;

--
-- AUTO_INCREMENT для таблицы `com_bot_keyword`
--
ALTER TABLE `com_bot_keyword`
  MODIFY `id` int(10) UNSIGNED NOT NULL AUTO_INCREMENT;

--
-- AUTO_INCREMENT для таблицы `com_catalog_char_name`
--
ALTER TABLE `com_catalog_char_name`
  MODIFY `id` int(11) NOT NULL AUTO_INCREMENT, AUTO_INCREMENT=8;

--
-- AUTO_INCREMENT для таблицы `com_catalog_char_value`
--
ALTER TABLE `com_catalog_char_value`
  MODIFY `id` int(10) UNSIGNED NOT NULL AUTO_INCREMENT, AUTO_INCREMENT=9;

--
-- AUTO_INCREMENT для таблицы `com_catalog_filter`
--
ALTER TABLE `com_catalog_filter`
  MODIFY `id` int(10) UNSIGNED NOT NULL AUTO_INCREMENT, AUTO_INCREMENT=9;

--
-- AUTO_INCREMENT для таблицы `com_catalog_items`
--
ALTER TABLE `com_catalog_items`
  MODIFY `id` int(10) UNSIGNED NOT NULL AUTO_INCREMENT, AUTO_INCREMENT=12;

--
-- AUTO_INCREMENT для таблицы `com_catalog_sections`
--
ALTER TABLE `com_catalog_sections`
  MODIFY `id` int(10) UNSIGNED NOT NULL AUTO_INCREMENT, AUTO_INCREMENT=27;

--
-- AUTO_INCREMENT для таблицы `com_metallurgy_data`
--
ALTER TABLE `com_metallurgy_data`
  MODIFY `id` int(10) UNSIGNED NOT NULL AUTO_INCREMENT, AUTO_INCREMENT=101;

--
-- AUTO_INCREMENT для таблицы `com_metallurgy_statistic`
--
ALTER TABLE `com_metallurgy_statistic`
  MODIFY `id` int(10) UNSIGNED NOT NULL AUTO_INCREMENT;

--
-- AUTO_INCREMENT для таблицы `pages`
--
ALTER TABLE `pages`
  MODIFY `id` int(10) UNSIGNED NOT NULL AUTO_INCREMENT, AUTO_INCREMENT=2;
COMMIT;

/*!40101 SET CHARACTER_SET_CLIENT=@OLD_CHARACTER_SET_CLIENT */;
/*!40101 SET CHARACTER_SET_RESULTS=@OLD_CHARACTER_SET_RESULTS */;
/*!40101 SET COLLATION_CONNECTION=@OLD_COLLATION_CONNECTION */;
